sequence,label
SEASNNK,0
ANPGPVRDLR,0
HSGIQSEPKAIP,0
VAPEEHPT,0
EV,0
EPAD,0
FYQQ,0
QK,0
VRSY,0
GLE,0
INKPGL,0
DAGVIAQVLR,0
IQSEPKAIP,0
QVSLNSGYY,0
EY,0
FAGDDAPR,0
EEL,0
GGPG,0
AAPY,0
AQALQAQA,0
AEA,0
ESLA,0
EE,0
DKIHPF,0
KEMQKN,0
LDAQSAPLR,0
EQEEL,0
EN,0
IRPVQ,0
FQKVVAK,0
ALPAEV,0
WDDMEK,0
PET,0
ITT,0
QVAIAHRDAK,0
KAPSTM,0
SLAKGDEE,0
QAEADMAR,0
IRAQQ,0
IQSQPQAFP,0
HIRL,0
PIGNIN,0
EDD,0
AH,0
AAYM,0
DR,0
HGEDKEGE,0
GGITETW,0
KDERF,0
QTQSLVYP,0
KGDEESLA,0
NMAINPSK,0
IVGRRRHQG,0
PGGVRNG,0
QRPR,0
DE,0
HS,0
DAGVIAGLNVLR,0
HY,0
EESLA,0
GDD,0
EDV,0
GPDPER,0
LVRT,0
KVHSSIQSQPQAFT,0
FRAEHPL,0
AFDEK,0
NEY,0
NY,0
AGLQFPVGR,0
ALNEINQFYQK,0
DDE,0
DEKR,0
HSSIQSQPQAFT,0
QSEPKAIP,0
APPPPAEVHEVV,0
GS,0
PSKIKWGD,0
HLQLAIR,0
GPAGPAGPR,0
EATLWDMEEK,0
GK,0
TESSSE,0
VLSLNSGTEAVEAAIK,0
QAFT,0
EEDGK,0
EDQK,0
MNPPK,0
DAPYDYK,0
FVGLQER,0
LQPLNAH,0
IR,0
STELFK,0
KIHPFAQTQSLVYP,0
LLLPGELAK,0
TGDPEK,0
NK,0
SAEQT,0
VES,0
EMH,0
NNP,0
EAGIQ,0
ALASLDGEFKG,0
NVVGET,0
EP,0
RGENESEEEGAIVT,0
DGY,0
DALKKK,0
DAG,0
QDSIGS,0
MAASGDVGK,0
FHSGIQSEPKAIP,0
APPPPAEVHEVHEEVH,0
TMTL,0
RMLGQTPTK,0
VEAL,0
EDF,0
PSFQP,0
ENGLPVHLDQSIFRRP,0
RFH,0
AGFAGDDAPR,0
AGAGPTP,0
SGIQSEPKAIP,0
NKL,0
LEQL,0
QEEK,0
LQSW,0
EL,0
AGDDAPR,0
DEE,0
NGG,0
YADSNIQINGTDR,0
NQEGLFR,0
EEEQ,0
RGENESDEQGAIVT,0
DD,0
FNQ,0
VYETPDR,0
VT,0
AED,0
VVLNPVARVE,0
VVGET,0
LYER,0
LEGSLE,0
QIEELEGK,0
DMIPAQK,0
NNENQLDEYQR,0
KW,0
PAQ,0
EF,0
LQQ,0
RMLGNTPTK,0
DA,0
AREIALQELGEQAK,0
TAY,0
FR,0
GT,0
DES,0
PNSHP,0
LKPMN,0
MEREQEESTMR,0
NPPHQIYP,0
HPFAQTQSLVYP,0
ES,0
RMLGQTPWK,0
TREQMIHER,0
LDIQK,0
GIQSEPKAIP,0
DQR,0
QP,0
AR,0
ED,0
KGD,0
LKVGVKQY,0
EED,0
EA,0
KA,0
VTADESQQDVLF,0
SG,0
KY,0
EG,0
NRTF,0
QL,0
GLDIQK,0
TDVEQEGD,0
SSRNEQSR,0
IVGRPRHQG,0
SHP,0
RADHPF,0
ADA,0
NRVYVHPF,0
VEV,0
NLHLP,0
FK,0
NG,0
AE,0
EFKEYN,0
PGPAGPAGP,0
GDG,0
IWHHT,0
ENLHLPLP,0
EQE,0
EGSEAPDGSSR,0
ESV,0
APPPPAEVHEEVH,0
EINEL,0
APA,0
QG,0
GFLGPQ,0
RPNPFENR,0
VADLMR,0
IQEL,0
GGGE,0
KGDEE,0
VPY,0
GKKIATYQER,0
SGVVAAVNDAAKDFHG,0
IPIPATKT,0
EKDERF,0
EDG,0
SFE,0
STMLLESER,0
APPPPAEVHEV,0
EGF,0
EDE,0
MKPWIQPK,0
RKE,0
EGSTIGLSK,0
SF,0
ERKIKVYL,0
GHKIATFQER,0
NF,0
LDL,0
PTHIKWGD,0
FAQTQSLVYP,0
KL,0
RL,0
AGDDAPRAVF,0
VEH,0
EFEGGSIEH,0
GQ,0
LELNQ,0
VSSY,0
LQKW,0
LGDVLVR,0
EHAMLN,0
HG,0
HL,0
VDV,0
LPEEV,0
PANLPWGSSNV,0
AQTQSLVYP,0
SAYPGQITSN,0
INEL,0
YGGTPPFV,0
LPLLEEAFLSR,0
ITTNP,0
GEE,0
ALPEEV,0
KDGGGGK,0
PQR,0
KVREGTTY,0
DDD,0
MTNLLEDLSFR,0
GD,0
AKYSY,0
VLPTDQNFILR,0
APPPPAEVHEVVE,0
HQIYP,0
IHPFAQTQSLVYP,0
KR,0
SPVDM,0
DVNNPANQLD,0
EEK,0
DAE,0
EEE,0
GLLPDGTPR,0
IGPGLGR,0
QSQPQAFP,0
HNESQN,0
DV,0
ADGLWL,0
SEPKAIP,0
NIPPLTQTPV,0
SEGGR,0
PSG,0
PE,0
EQQQQ,0
PFPGPIP,1
FFRPFFRPFF,1
QLFGPNVNPWHNP,1
RGPFPIIV,1
GR,1
VYP,1
YGG,1
LV,1
GPPF,1
GFG,1
LHLPLP,1
FFVAPFPEVF,1
YQQKPVAL,1
RGPPGGGFF,1
GV,1
RGPPGIG,1
ELL,1
YYG,1
RGP,1
RGPPFGG,1
SL,1
WWW,1
FP,1
VAPFP,1
LPFNQL,1
HLPLPLLQS,1
RPFG,1
GF,1
APFPE,1
VPPFLQ,1
RGPPF,1
RPFFGG,1
GYY,1
GGP,1
YPFPGPIHNS,1
LLRLKK,1
LGYLEQLL,1
GNPDIEHP,1
YGLF,1
ERYLGYLEQ,1
YYY,1
PVLGPV,1
YF,1
AF,1
RPF,1
FF,1
RRPPFFF,1
VVPPFL,1
ELEEL,1
KAVPYPPQ,1
VIIPFPG,1
IGTLAGA,1
GGRGPPFIV,1
IAKYIPI,1
GLGG,1
DY,1
IN,1
RPFFRPFFRPFF,1
IP,1
PFPP,1
FPK,1
YY,1
GPPFIV,1
FGFG,1
VENLHLPLPLLQSW,1
VRGPFP,1
LLLL,1
GLY,1
LG,1
RGPKPIIV,1
LVYPFPGPIHN,1
VL,1
SLA,1
QLFNPSTNPWHSP,1
HLPLPLLQ,1
NFNNQLDQQTPR,1
IG,1
FFSDKIAK,1
ALEPDHR,1
VYPFPPGI,1
NALEPDHRVE,1
IE,1
RGPPFF,1
YQEPVLGPVRGPFPIIV,1
GGFF,1
PFIV,1
VIF,1
GLGGG,1
VIFPPG,1
VVAPFP,1
EQPQQNE,1
IQ,1
RGPFPI,1
TQTPVVVPPFLQPE,1
QLFNPSTNP,1
RGPPFI,1
LE,1
NALPE,1
PIP,1
FGG,1
GVV,1
NLQG,1
GPVRGPFPIIV,1
PGPGPG,1
GI,1
QPVLGPVRGPFPIIV,1
WP,1
RRPFF,1
VG,1
QLFNPS,1
QSKVLPVPQ,1
KVLPVPQKAVPYPQ,1
YQEPVLGPVRGPFPII,1
GPFF,1
VVVPPFLQP,1
GPFP,1
YL,1
LEQLL,1
YQEPVLGPVRGPFPI,1
LLF,1
EIVPNSVEQK,1
RPPFIV,1
FFVAPFPEVFGK,1
GRP,1
FFPE,1
GGGL,1
FFPR,1
GE,1
RRPPFF,1
VY,1
GPG,1
QQPVLGPVRGPFPI,1
FYPELFR,1
VVV,1
QEPVLGPVRGPFPII,1
DL,1
FPF,1
RGPPFFF,1
PY,1
VA,1
GGRGPPFIVGG,1
PGPIP,1
FGGF,1
PFPIIV,1
GPVRGPFP,1
VLPVPQ,1
VAPFPEVFGKE,1
KF,1
GYG,1
FV,1
GLL,1
RPKHPIKHQ,1
AV,1
RGPPFIVRGPPFIV,1
PGG,1
GY,1
II,1
WF,1
IPAVF,1
GGLGG,1
RDMPIQAFLLY,1
YPFPGPI,1
TDVENLHLPPLL,1
GL,1
VVYPWTQRF,1
YPFPGPIPN,1
GGGGL,1
VYPFPPGINH,1
WW,1
LY,1
AL,1
FL,1
GGV,1
VVVPPFL,1
APK,1
FI,1
IS,1
SLVYPFPGPIHNS,1
PL,1
KP,1
FW,1
FYPE,1
LW,1
GPFPVI,1
RGPEPIIV,1
RGPPFIIV,1
FALPQYLKT,1
LRP,1
RGGFIV,1
RF,1
APFPEVFG,1
PPF,1
GPFPI,1
GW,1
LD,1
AD,1
VPPFL,1
RGPPFIVGG,1
FPP,1
EIVPN,1
RGPPGFG,1
FIV,1
NLHLPLPLLQS,1
FLL,1
VLPVPQKAVPYPQ,1
RGFF,1
VE,1
LL,1
GMIYPG,1
KLHENIAR,1
RGPPGF,1
FFGG,1
YGY,1
FAPEF,1
PPG,1
VYPFPPGIGG,1
SLVYPFPGPIPNSL,1
VIFPPGR,1
FPPFIV,1
YP,1
LQL,1
YPFPGPIHN,1
VYPFPPIGNH,1
FFG,1
YG,1
VYPFPPG,1
LLG,1
VIIPFPGR,1
PK,1
RGPPGGF,1
VYPFGGGINH,1
LA,1
GGY,1
GGRPFFGG,1
PVRGPFPIIV,1
IV,1
PA,1
AGNPDIEHPE,1
PGR,1
RRPPPFFF,1
IF,1
GGGLG,1
LGGG,1
FFPP,1
EQGGEQG,1
YEGNS,1
IK,1
IL,1
PGP,1
GGVVV,1
VFGKEKVNEL,1
RGPPGGFF,1
ARHPHPHLSFM,1
EVLN,1
RGPGPIIV,1
QLFNPSTNPWH,1
DIKQM,1
GFF,1
RPGFF,1
AYFYPEL,1
KPK,1
VVAPFPE,1
VI,1
TQTPVVVPPFL,1
IA,1
LPQE,1
GKHQQEEENEGG,1
VPLGTQYTDAPSF,1
VYPF,1
PVLGPVRGPFPIIV,1
IW,1
NNEDT,1
LHLPLPLLQS,1
EGG,1
VF,1
DLL,1
VVAPFPEV,1
APFPEVF,1
IQKEDVPS,1
KPPFIV,1
FG,1
PPFIV,1
RGPFPIV,1
RPFFRPFF,1
NENLL,1
LGL,1
LI,1
RPGF,1
